23.30,23.30,23.30,23.30,20.90,20.90,20.90,20.90,10/22/2018 02:36
23.50,23.50,23.30,23.40,21.20,21.20,20.90,21.05,10/22/2018 02:36
23.50,23.50,23.30,23.43,21.30,21.30,20.90,21.13,10/22/2018 02:36
23.50,23.50,23.30,23.45,21.30,21.30,20.90,21.17,10/22/2018 02:36
23.50,23.50,23.30,23.46,21.30,21.30,20.90,21.20,10/22/2018 02:36
23.50,23.50,23.30,23.47,21.30,21.30,20.90,21.22,10/22/2018 02:36
0,0,0,0,0,0,0,0,10/22/2018 02:36
23.70,23.70,23.30,23.50,22.90,22.90,20.90,21.46,10/22/2018 02:36
23.80,23.80,23.30,23.54,22.00,22.90,20.90,21.52,10/22/2018 02:36
23.90,23.90,23.90,23.90,21.70,21.70,21.70,21.70,10/22/2018 02:45
0,0,0,0,0,0,0,0,10/22/2018 02:45
23.50,23.90,23.50,23.70,21.10,21.70,21.10,21.40,10/22/2018 02:45
23.60,23.60,23.60,23.60,21.20,21.20,21.20,21.20,10/22/2018 02:48
0,0,0,0,0,0,0,0,10/22/2018 02:48
23.50,23.60,23.50,23.55,21.00,21.20,21.00,21.10,10/22/2018 02:48
0,0,0,0,0,0,0,0,10/22/2018 02:48
0,0,0,0,0,0,0,0,10/22/2018 02:48
23.50,23.60,23.50,23.53,21.00,21.20,21.00,21.07,10/22/2018 02:48
23.50,23.60,23.50,23.53,21.00,21.20,21.00,21.05,10/22/2018 02:48
0,0,0,0,0,0,0,0,10/22/2018 03:03
0,0,0,0,0,0,0,0,10/22/2018 03:03
0,0,0,0,0,0,0,0,10/22/2018 03:03
23.50,23.50,23.50,23.50,20.90,20.90,20.90,20.90,10/22/2018 03:03
23.50,23.50,23.50,23.50,20.90,20.90,20.90,20.90,10/22/2018 03:03
0,0,0,0,0,0,0,0,10/22/2018 03:03
0,0,0,0,0,0,0,0,10/22/2018 03:03
23.50,23.50,23.50,23.50,20.90,20.90,20.90,20.90,10/22/2018 03:03
23.50,23.50,23.50,23.50,20.90,20.90,20.90,20.90,10/22/2018 03:04
23.50,23.50,23.50,23.50,19.30,20.90,19.30,20.58,10/22/2018 03:04
23.50,23.50,23.50,23.50,20.90,20.90,19.30,20.63,10/22/2018 03:04
0,0,0,0,0,0,0,0,10/22/2018 03:04
23.60,23.60,23.50,23.51,21.00,21.00,19.30,20.69,10/22/2018 03:04
23.60,23.60,23.50,23.53,21.00,21.00,19.30,20.72,10/22/2018 03:04
23.60,23.60,23.50,23.53,21.00,21.00,19.30,20.76,10/22/2018 03:04
23.50,23.60,23.50,23.53,20.90,21.00,19.30,20.77,10/22/2018 03:04
23.60,23.60,23.50,23.54,20.90,21.00,19.30,20.78,10/22/2018 03:04
23.50,23.60,23.50,23.53,20.90,21.00,19.30,20.79,10/22/2018 03:04
0,0,0,0,0,0,0,0,10/22/2018 03:04
23.50,23.60,23.50,23.53,20.90,21.00,19.30,20.80,10/22/2018 03:04
23.50,23.60,23.50,23.53,20.90,21.00,19.30,20.81,10/22/2018 03:05
23.50,23.60,23.50,23.53,20.90,21.00,19.30,20.81,10/22/2018 03:05
23.50,23.60,23.50,23.53,20.90,21.00,19.30,20.82,10/22/2018 03:05
23.60,23.60,23.50,23.53,21.00,21.00,19.30,20.83,10/22/2018 03:05
23.60,23.60,23.50,23.53,20.90,21.00,19.30,20.83,10/22/2018 03:05
0,0,0,0,0,0,0,0,10/22/2018 03:05
0,0,0,0,0,0,0,0,10/22/2018 03:05
23.60,23.60,23.50,23.54,20.90,21.00,19.30,20.84,10/22/2018 03:05
23.60,23.60,23.50,23.54,20.90,21.00,19.30,20.84,10/22/2018 03:05
23.60,23.60,23.50,23.54,20.90,21.00,19.30,20.84,10/22/2018 03:05
23.60,23.60,23.50,23.55,20.90,21.00,19.30,20.85,10/22/2018 03:05
0,0,0,0,0,0,0,0,10/22/2018 03:05
0,0,0,0,0,0,0,0,10/22/2018 03:06
23.60,23.60,23.50,23.55,20.90,21.00,19.30,20.85,10/22/2018 03:06
23.60,23.60,23.50,23.55,20.90,21.00,19.30,20.85,10/22/2018 03:06
23.60,23.60,23.50,23.55,20.90,21.00,19.30,20.85,10/22/2018 03:06
23.60,23.60,23.50,23.55,20.90,21.00,19.30,20.85,10/22/2018 03:06
23.60,23.60,23.50,23.56,20.90,21.00,19.30,20.86,10/22/2018 03:06
23.60,23.60,23.50,23.56,20.90,21.00,19.30,20.86,10/22/2018 03:06
0,0,0,0,0,0,0,0,10/22/2018 03:06
23.60,23.60,23.50,23.56,20.90,21.00,19.30,20.86,10/22/2018 03:06
0,0,0,0,0,0,0,0,10/22/2018 03:06
0,0,0,0,0,0,0,0,10/22/2018 03:06
23.60,23.60,23.50,23.56,20.90,21.00,19.30,20.86,10/22/2018 03:06
23.60,23.60,23.50,23.56,21.00,21.00,19.30,20.86,10/22/2018 03:07
23.60,23.60,23.50,23.56,21.00,21.00,19.30,20.87,10/22/2018 03:07
23.60,23.60,23.50,23.56,20.90,21.00,19.30,20.87,10/22/2018 03:07
23.60,23.60,23.50,23.56,20.90,21.00,19.30,20.87,10/22/2018 03:07
23.60,23.60,23.50,23.57,20.90,21.00,19.30,20.87,10/22/2018 03:07
23.60,23.60,23.50,23.57,20.90,21.00,19.30,20.87,10/22/2018 03:07
23.60,23.60,23.50,23.57,20.90,21.00,19.30,20.87,10/22/2018 03:07
23.60,23.60,23.50,23.57,20.80,21.00,19.30,20.87,10/22/2018 03:07
23.60,23.60,23.50,23.57,20.80,21.00,19.30,20.87,10/22/2018 03:07
23.60,23.60,23.50,23.57,20.80,21.00,19.30,20.87,10/22/2018 03:07
0,0,0,0,0,0,0,0,10/22/2018 03:07
23.60,23.60,23.50,23.57,20.70,21.00,19.30,20.86,10/22/2018 03:07
23.60,23.60,23.50,23.57,20.80,21.00,19.30,20.86,10/22/2018 03:08
0,0,0,0,0,0,0,0,10/22/2018 03:08
23.60,23.60,23.50,23.57,20.80,21.00,19.30,20.86,10/22/2018 03:08
0,0,0,0,0,0,0,0,10/22/2018 03:08
23.60,23.60,23.50,23.57,20.80,21.00,19.30,20.86,10/22/2018 03:08
23.60,23.60,23.50,23.57,20.80,21.00,19.30,20.86,10/22/2018 03:08
23.60,23.60,23.50,23.57,20.80,21.00,19.30,20.86,10/22/2018 03:08
23.60,23.60,23.50,23.57,20.80,21.00,19.30,20.86,10/22/2018 03:08
23.60,23.60,23.50,23.58,20.80,21.00,19.30,20.85,10/22/2018 03:08
23.60,23.60,23.50,23.58,20.80,21.00,19.30,20.85,10/22/2018 03:08
0,0,0,0,0,0,0,0,10/22/2018 03:08
0,0,0,0,0,0,0,0,10/22/2018 03:08
0,0,0,0,0,0,0,0,10/22/2018 03:09
23.60,23.60,23.50,23.58,20.70,21.00,19.30,20.85,10/22/2018 03:09
23.60,23.60,23.50,23.58,20.70,21.00,19.30,20.85,10/22/2018 03:09
23.60,23.60,23.50,23.58,20.50,21.00,19.30,20.84,10/22/2018 03:09
0,0,0,0,0,0,0,0,10/22/2018 03:09
23.60,23.60,23.50,23.58,20.70,21.00,19.30,20.84,10/22/2018 03:09
23.60,23.60,23.50,23.58,20.70,21.00,19.30,20.84,10/22/2018 03:09
0,0,0,0,0,0,0,0,10/22/2018 03:09
23.60,23.60,23.50,23.58,20.70,21.00,19.30,20.83,10/22/2018 03:09
23.60,23.60,23.50,23.58,20.70,21.00,19.30,20.83,10/22/2018 03:09
23.60,23.60,23.50,23.58,20.70,21.00,19.30,20.83,10/22/2018 03:09
23.60,23.60,23.50,23.58,20.70,21.00,19.30,20.83,10/22/2018 03:09
23.60,23.60,23.50,23.58,20.70,21.00,19.30,20.82,10/22/2018 03:10
23.60,23.60,23.50,23.58,20.70,21.00,19.30,20.82,10/22/2018 03:10
23.60,23.60,23.50,23.58,20.70,21.00,19.30,20.82,10/22/2018 03:10
0,0,0,0,0,0,0,0,10/22/2018 03:10
23.60,23.60,23.50,23.58,20.80,21.00,19.30,20.82,10/22/2018 03:10
23.60,23.60,23.50,23.58,20.80,21.00,19.30,20.82,10/22/2018 03:10
23.60,23.60,23.50,23.58,20.80,21.00,19.30,20.82,10/22/2018 03:10
23.60,23.60,23.50,23.58,20.80,21.00,19.30,20.82,10/22/2018 03:10
23.60,23.60,23.50,23.58,20.80,21.00,19.30,20.82,10/22/2018 03:10
23.60,23.60,23.50,23.58,20.80,21.00,19.30,20.82,10/22/2018 03:10
23.60,23.60,23.50,23.58,20.80,21.00,19.30,20.82,10/22/2018 03:10
23.60,23.60,23.50,23.58,20.80,21.00,19.30,20.82,10/22/2018 03:10
23.60,23.60,23.50,23.58,20.80,21.00,19.30,20.82,10/22/2018 03:11
0,0,0,0,0,0,0,0,10/22/2018 03:11
23.60,23.60,23.50,23.58,20.80,21.00,19.30,20.82,10/22/2018 03:11
23.60,23.60,23.50,23.58,20.70,21.00,19.30,20.82,10/22/2018 03:11
23.60,23.60,23.50,23.58,20.70,21.00,19.30,20.81,10/22/2018 03:11
23.60,23.60,23.50,23.58,20.70,21.00,19.30,20.81,10/22/2018 03:11
23.60,23.60,23.50,23.58,20.80,21.00,19.30,20.81,10/22/2018 03:11
23.60,23.60,23.50,23.58,20.80,21.00,19.30,20.81,10/22/2018 03:11
23.60,23.60,23.50,23.58,20.90,21.00,19.30,20.81,10/22/2018 03:11
23.60,23.60,23.50,23.58,20.90,21.00,19.30,20.81,10/22/2018 03:11
0,0,0,0,0,0,0,0,10/22/2018 03:11
23.60,23.60,23.50,23.58,20.90,21.00,19.30,20.82,10/22/2018 03:11
23.60,23.60,23.50,23.59,20.90,21.00,19.30,20.82,10/22/2018 03:12
23.60,23.60,23.50,23.59,20.90,21.00,19.30,20.82,10/22/2018 03:12
23.60,23.60,23.50,23.59,20.90,21.00,19.30,20.82,10/22/2018 03:12
0,0,0,0,0,0,0,0,10/22/2018 03:12
23.60,23.60,23.50,23.59,20.80,21.00,19.30,20.82,10/22/2018 03:12
23.60,23.60,23.50,23.59,20.80,21.00,19.30,20.82,10/22/2018 03:12
23.60,23.60,23.50,23.59,20.80,21.00,19.30,20.82,10/22/2018 03:12
23.60,23.60,23.50,23.59,20.70,21.00,19.30,20.82,10/22/2018 03:12
0,0,0,0,0,0,0,0,10/22/2018 03:12
0,0,0,0,0,0,0,0,10/22/2018 03:12
23.60,23.60,23.50,23.59,20.80,21.00,19.30,20.82,10/22/2018 03:12
23.60,23.60,23.50,23.59,20.70,21.00,19.30,20.81,10/22/2018 03:12
23.60,23.60,23.50,23.59,20.70,21.00,19.30,20.81,10/22/2018 03:13
23.60,23.60,23.50,23.59,20.70,21.00,19.30,20.81,10/22/2018 03:13
23.60,23.60,23.50,23.59,20.70,21.00,19.30,20.81,10/22/2018 03:13
0,0,0,0,0,0,0,0,10/22/2018 03:13
0,0,0,0,0,0,0,0,10/22/2018 03:13
0,0,0,0,0,0,0,0,10/22/2018 03:13
23.60,23.60,23.50,23.59,20.70,21.00,19.30,20.81,10/22/2018 03:13
23.60,23.60,23.50,23.59,20.50,21.00,19.30,20.81,10/22/2018 03:13
23.60,23.60,23.50,23.59,20.60,21.00,19.30,20.80,10/22/2018 03:13
23.60,23.60,23.60,23.60,20.70,20.70,20.70,20.70,10/22/2018 03:17
23.60,23.60,23.60,23.60,20.90,20.90,20.70,20.80,10/22/2018 03:18
23.60,23.60,23.60,23.60,20.90,20.90,20.70,20.83,10/22/2018 03:18
23.60,23.60,23.60,23.60,21.00,21.00,20.70,20.88,10/22/2018 03:18
23.60,23.60,23.60,23.60,20.90,21.00,20.70,20.88,10/22/2018 03:18
0,0,0,0,0,0,0,0,10/22/2018 03:18
0,0,0,0,0,0,0,0,10/22/2018 03:18
0,0,0,0,0,0,0,0,10/22/2018 03:18
23.60,23.60,23.60,23.60,20.90,21.00,20.70,20.88,10/22/2018 03:18
23.60,23.60,23.60,23.60,20.70,21.00,20.70,20.86,10/22/2018 03:18
23.60,23.60,23.60,23.60,20.90,21.00,20.70,20.86,10/22/2018 03:18
23.60,23.60,23.60,23.60,20.80,21.00,20.70,20.86,10/22/2018 03:18
0,0,0,0,0,0,0,0,10/22/2018 03:18
23.60,23.60,23.60,23.60,20.80,21.00,20.70,20.85,10/22/2018 03:19
23.60,23.60,23.60,23.60,20.80,21.00,20.70,20.85,10/22/2018 03:19
23.60,23.60,23.60,23.60,20.80,21.00,20.70,20.84,10/22/2018 03:19
23.60,23.60,23.60,23.60,20.80,21.00,20.70,20.84,10/22/2018 03:19
23.60,23.60,23.60,23.60,20.80,21.00,20.70,20.84,10/22/2018 03:19
23.60,23.60,23.60,23.60,20.80,21.00,20.70,20.83,10/22/2018 03:19
0,0,0,0,0,0,0,0,10/22/2018 03:19
23.60,23.60,23.60,23.60,20.90,20.90,20.90,20.90,10/22/2018 03:19
0,0,0,0,0,0,0,0,10/22/2018 03:20
23.60,23.60,23.60,23.60,20.80,20.90,20.80,20.85,10/22/2018 03:20
23.60,23.60,23.60,23.60,20.80,20.90,20.80,20.83,10/22/2018 03:20
23.60,23.60,23.60,23.60,20.80,20.90,20.80,20.82,10/22/2018 03:20
23.60,23.60,23.60,23.60,20.80,20.80,20.80,20.80,10/22/2018 03:20
0,0,0,0,0,0,0,0,10/22/2018 03:20
23.60,23.60,23.60,23.60,20.70,20.80,20.70,20.75,10/22/2018 03:20
0,0,0,0,0,0,0,0,10/22/2018 03:20
23.60,23.60,23.60,23.60,20.80,20.80,20.70,20.77,10/22/2018 03:20
23.60,23.60,23.60,23.60,20.80,20.80,20.70,20.77,10/22/2018 03:21
0,0,0,0,0,0,0,0,10/22/2018 03:21
0,0,0,0,0,0,0,0,10/22/2018 03:21
0,0,0,0,0,0,0,0,10/22/2018 03:21
23.60,23.60,23.60,23.60,20.90,20.90,20.70,20.80,10/22/2018 03:21
23.60,23.60,23.60,23.60,20.90,20.90,20.70,20.82,10/22/2018 03:21
23.60,23.60,23.60,23.60,20.80,20.90,20.70,20.81,10/22/2018 03:21
0,0,0,0,0,0,0,0,10/22/2018 03:21
23.60,23.60,23.60,23.60,20.80,20.90,20.70,20.81,10/22/2018 03:21
23.60,23.60,23.60,23.60,20.80,20.90,20.70,20.81,10/22/2018 03:21
23.60,23.60,23.60,23.60,20.80,20.90,20.70,20.81,10/22/2018 03:21
0,0,0,0,0,0,0,0,10/22/2018 03:21
23.60,23.60,23.60,23.60,20.90,20.90,20.70,20.82,10/22/2018 03:22
23.60,23.60,23.60,23.60,20.90,20.90,20.70,20.82,10/22/2018 03:22
0,0,0,0,0,0,0,0,10/22/2018 03:22
0,0,0,0,0,0,0,0,10/22/2018 03:22
23.60,23.60,23.60,23.60,20.90,20.90,20.70,20.83,10/22/2018 03:22
0,0,0,0,0,0,0,0,10/22/2018 03:22
23.60,23.60,23.60,23.60,20.90,20.90,20.70,20.84,10/22/2018 03:22
0,0,0,0,0,0,0,0,10/22/2018 03:22
0,0,0,0,0,0,0,0,10/22/2018 03:22
0,0,0,0,0,0,0,0,10/22/2018 03:22
23.60,23.60,23.60,23.60,20.90,20.90,20.70,20.84,10/22/2018 03:22
23.60,23.60,23.60,23.60,20.90,20.90,20.70,20.84,10/22/2018 03:22
23.60,23.60,23.60,23.60,20.90,20.90,20.70,20.85,10/22/2018 03:23
23.60,23.60,23.60,23.60,20.90,20.90,20.70,20.85,10/22/2018 03:23
23.60,23.60,23.60,23.60,20.90,20.90,20.70,20.85,10/22/2018 03:23
0,0,0,0,0,0,0,0,10/22/2018 03:23
0,0,0,0,0,0,0,0,10/22/2018 03:23
23.60,23.60,23.60,23.60,20.90,20.90,20.70,20.85,10/22/2018 03:23
0,0,0,0,0,0,0,0,10/22/2018 03:23
0,0,0,0,0,0,0,0,10/22/2018 03:23
0,0,0,0,0,0,0,0,10/22/2018 03:23
23.60,23.60,23.60,23.60,20.70,20.90,20.70,20.85,10/22/2018 03:23
23.60,23.60,23.60,23.60,20.90,20.90,20.70,20.85,10/22/2018 03:23
0,0,0,0,0,0,0,0,10/22/2018 03:23
23.60,23.60,23.60,23.60,20.80,20.90,20.70,20.85,10/22/2018 03:24
23.60,23.60,23.60,23.60,20.90,20.90,20.70,20.85,10/22/2018 03:24
23.60,23.60,23.60,23.60,20.90,20.90,20.70,20.85,10/22/2018 03:24
23.60,23.60,23.60,23.60,20.90,20.90,20.70,20.85,10/22/2018 03:24
23.60,23.60,23.60,23.60,20.90,20.90,20.70,20.86,10/22/2018 03:24
23.60,23.60,23.60,23.60,20.90,20.90,20.70,20.86,10/22/2018 03:24
23.60,23.60,23.60,23.60,20.90,20.90,20.70,20.86,10/22/2018 03:24
23.60,23.60,23.60,23.60,20.90,20.90,20.70,20.86,10/22/2018 03:24
23.60,23.60,23.60,23.60,20.90,20.90,20.70,20.86,10/22/2018 03:24
23.60,23.60,23.60,23.60,20.80,20.90,20.70,20.86,10/22/2018 03:24
0,0,0,0,0,0,0,0,10/22/2018 03:24
0,0,0,0,0,0,0,0,10/22/2018 03:24
0,0,0,0,0,0,0,0,10/22/2018 03:25
0,0,0,0,0,0,0,0,10/22/2018 03:25
0,0,0,0,0,0,0,0,10/22/2018 03:25
0,0,0,0,0,0,0,0,10/22/2018 03:25
0,0,0,0,0,0,0,0,10/22/2018 03:25
0,0,0,0,0,0,0,0,10/22/2018 03:25
0,0,0,0,0,0,0,0,10/22/2018 03:25
0,0,0,0,0,0,0,0,10/22/2018 03:25
23.60,23.60,23.60,23.60,20.90,20.90,20.70,20.86,10/22/2018 03:25
0,0,0,0,0,0,0,0,10/22/2018 03:26
0,0,0,0,0,0,0,0,10/22/2018 03:26
23.60,23.60,23.60,23.60,20.90,20.90,20.70,20.86,10/22/2018 03:26
23.70,23.70,23.60,23.60,21.10,21.10,20.70,20.87,10/22/2018 03:26
23.70,23.70,23.60,23.61,21.10,21.10,20.70,20.87,10/22/2018 03:26
0,0,0,0,0,0,0,0,10/22/2018 03:26
23.70,23.70,23.60,23.61,21.10,21.10,20.70,20.88,10/22/2018 03:26
23.70,23.70,23.60,23.61,21.10,21.10,20.70,20.89,10/22/2018 03:26
23.70,23.70,23.60,23.61,21.00,21.10,20.70,20.89,10/22/2018 03:26
0,0,0,0,0,0,0,0,10/22/2018 03:26
0,0,0,0,0,0,0,0,10/22/2018 03:27
23.70,23.70,23.60,23.62,21.00,21.10,20.70,20.89,10/22/2018 03:27
23.70,23.70,23.60,23.62,21.10,21.10,20.70,20.90,10/22/2018 03:27
23.70,23.70,23.60,23.62,21.10,21.10,20.70,20.90,10/22/2018 03:27
23.70,23.70,23.60,23.62,21.00,21.10,20.70,20.90,10/22/2018 03:27
0,0,0,0,0,0,0,0,10/22/2018 03:27
0,0,0,0,0,0,0,0,10/22/2018 03:27
0,0,0,0,0,0,0,0,10/22/2018 03:27
23.70,23.70,23.70,23.70,21.00,21.00,21.00,21.00,10/22/2018 03:28
0,0,0,0,0,0,0,0,10/22/2018 03:28
23.70,23.70,23.70,23.70,21.00,21.00,21.00,21.00,10/22/2018 03:28
0,0,0,0,0,0,0,0,10/22/2018 03:28
0,0,0,0,0,0,0,0,10/22/2018 03:28
23.70,23.70,23.70,23.70,21.00,21.00,21.00,21.00,10/22/2018 03:28
0,0,0,0,0,0,0,0,10/22/2018 03:28
0,0,0,0,0,0,0,0,10/22/2018 03:28
0,0,0,0,0,0,0,0,10/22/2018 03:28
23.70,23.70,23.70,23.70,21.10,21.10,21.00,21.03,10/22/2018 03:29
23.70,23.70,23.70,23.70,21.00,21.00,21.00,21.00,10/22/2018 03:36
0,0,0,0,0,0,0,0,10/22/2018 03:36
23.70,23.70,23.70,23.70,21.10,21.10,21.00,21.05,10/22/2018 03:36
0,0,0,0,0,0,0,0,10/22/2018 03:36
23.70,23.70,23.70,23.70,21.20,21.20,21.00,21.10,10/22/2018 03:36
0,0,0,0,0,0,0,0,10/22/2018 03:36
0,0,0,0,0,0,0,0,10/22/2018 03:36
23.70,23.70,23.70,23.70,21.20,21.20,21.00,21.13,10/22/2018 03:36
0,0,0,0,0,0,0,0,10/22/2018 03:36
0,0,0,0,0,0,0,0,10/22/2018 03:36
23.70,23.70,23.70,23.70,21.20,21.20,21.00,21.14,10/22/2018 03:36
0,0,0,0,0,0,0,0,10/22/2018 03:37
23.70,23.70,23.70,23.70,21.20,21.20,21.00,21.15,10/22/2018 03:37
0,0,0,0,0,0,0,0,10/22/2018 03:37
23.70,23.70,23.70,23.70,21.20,21.20,21.00,21.16,10/22/2018 03:37
0,0,0,0,0,0,0,0,10/22/2018 03:37
0,0,0,0,0,0,0,0,10/22/2018 03:37
23.70,23.70,23.70,23.70,21.10,21.20,21.00,21.15,10/22/2018 03:37
0,0,0,0,0,0,0,0,10/22/2018 03:37
0,0,0,0,0,0,0,0,10/22/2018 03:37
0,0,0,0,0,0,0,0,10/22/2018 03:37
0,0,0,0,0,0,0,0,10/22/2018 03:37
23.70,23.70,23.70,23.70,21.10,21.20,21.00,21.14,10/22/2018 03:37
23.70,23.70,23.70,23.70,21.10,21.20,21.00,21.14,10/22/2018 03:38
23.70,23.70,23.70,23.70,21.10,21.20,21.00,21.14,10/22/2018 03:38
23.70,23.70,23.70,23.70,21.10,21.20,21.00,21.13,10/22/2018 03:38
0,0,0,0,0,0,0,0,10/22/2018 03:38
0,0,0,0,0,0,0,0,10/22/2018 03:38
0,0,0,0,0,0,0,0,10/22/2018 03:38
0,0,0,0,0,0,0,0,10/22/2018 03:38
23.70,23.70,23.70,23.70,21.10,21.20,21.00,21.13,10/22/2018 03:38
23.70,23.70,23.70,23.70,21.10,21.20,21.00,21.13,10/22/2018 03:38
0,0,0,0,0,0,0,0,10/22/2018 03:38
23.70,23.70,23.70,23.70,21.10,21.20,21.00,21.13,10/22/2018 03:38
23.70,23.70,23.70,23.70,21.10,21.20,21.00,21.13,10/22/2018 03:38
23.70,23.70,23.70,23.70,21.10,21.20,21.00,21.12,10/22/2018 03:39
23.70,23.70,23.70,23.70,21.10,21.20,21.00,21.12,10/22/2018 03:39
22.60,22.60,22.60,22.60,23.80,23.80,23.80,23.80,10/22/2018 08:03
22.80,22.80,22.60,22.70,23.30,23.80,23.30,23.55,10/22/2018 08:03
0,0,0,0,0,0,0,0,10/22/2018 08:03
22.80,22.80,22.60,22.73,23.30,23.80,23.30,23.47,10/22/2018 08:03
22.80,22.80,22.60,22.75,23.20,23.80,23.20,23.40,10/22/2018 08:03
22.80,22.80,22.60,22.76,23.20,23.80,23.20,23.36,10/22/2018 08:03
22.80,22.80,22.60,22.77,23.20,23.80,23.20,23.33,10/22/2018 08:03
22.80,22.80,22.60,22.77,23.20,23.80,23.20,23.31,10/22/2018 08:03
22.80,22.80,22.60,22.77,23.20,23.80,23.20,23.30,10/22/2018 08:03
22.80,22.80,22.60,22.78,23.20,23.80,23.20,23.29,10/22/2018 08:03
22.80,22.80,22.60,22.78,23.20,23.80,23.20,23.28,10/22/2018 08:04
22.80,22.80,22.60,22.78,23.20,23.80,23.20,23.27,10/22/2018 08:04
22.80,22.80,22.60,22.78,23.10,23.80,23.10,23.26,10/22/2018 08:04
22.80,22.80,22.60,22.78,23.10,23.80,23.10,23.25,10/22/2018 08:04
22.80,22.80,22.60,22.79,23.20,23.80,23.10,23.24,10/22/2018 08:04
22.80,22.80,22.60,22.79,23.20,23.80,23.10,23.24,10/22/2018 08:04
22.80,22.80,22.60,22.79,23.20,23.80,23.10,23.24,10/22/2018 08:04
22.80,22.80,22.60,22.79,23.20,23.80,23.10,23.24,10/22/2018 08:04
22.80,22.80,22.60,22.79,23.20,23.80,23.10,23.23,10/22/2018 08:04
22.80,22.80,22.60,22.79,23.10,23.80,23.10,23.23,10/22/2018 08:04
22.80,22.80,22.60,22.79,23.10,23.80,23.10,23.22,10/22/2018 08:04
22.80,22.80,22.60,22.79,23.10,23.80,23.10,23.21,10/22/2018 08:04
22.80,22.80,22.60,22.79,23.10,23.80,23.10,23.21,10/22/2018 08:05
22.80,22.80,22.60,22.79,23.10,23.80,23.10,23.20,10/22/2018 08:05
22.80,22.80,22.60,22.79,23.10,23.80,23.10,23.20,10/22/2018 08:05
22.80,22.80,22.60,22.79,23.10,23.80,23.10,23.20,10/22/2018 08:05
22.80,22.80,22.60,22.79,23.10,23.80,23.10,23.19,10/22/2018 08:05
22.80,22.80,22.60,22.79,23.10,23.80,23.10,23.19,10/22/2018 08:05
22.80,22.80,22.60,22.79,23.10,23.80,23.10,23.19,10/22/2018 08:05
22.80,22.80,22.60,22.79,23.10,23.80,23.10,23.18,10/22/2018 08:05
22.80,22.80,22.60,22.79,23.10,23.80,23.10,23.18,10/22/2018 08:05
22.80,22.80,22.60,22.79,23.10,23.80,23.10,23.18,10/22/2018 08:05
0,0,0,0,0,0,0,0,10/22/2018 08:05
22.80,22.80,22.60,22.79,23.00,23.80,23.00,23.17,10/22/2018 08:05
22.80,22.80,22.60,22.79,23.10,23.80,23.00,23.17,10/22/2018 08:06
22.80,22.80,22.60,22.79,23.10,23.80,23.00,23.17,10/22/2018 08:06
22.80,22.80,22.60,22.79,23.10,23.80,23.00,23.17,10/22/2018 08:06
22.80,22.80,22.60,22.79,23.10,23.80,23.00,23.16,10/22/2018 08:06
22.80,22.80,22.60,22.79,23.10,23.80,23.00,23.16,10/22/2018 08:06
22.80,22.80,22.60,22.79,23.10,23.80,23.00,23.16,10/22/2018 08:06
22.80,22.80,22.60,22.79,23.10,23.80,23.00,23.16,10/22/2018 08:06
22.90,22.90,22.60,22.80,23.20,23.80,23.00,23.16,10/22/2018 08:06
22.80,22.90,22.60,22.80,23.10,23.80,23.00,23.16,10/22/2018 08:06
22.80,22.90,22.60,22.80,23.10,23.80,23.00,23.16,10/22/2018 08:06
22.80,22.90,22.60,22.80,23.10,23.80,23.00,23.16,10/22/2018 08:06
22.80,22.90,22.60,22.80,23.10,23.80,23.00,23.15,10/22/2018 08:06
22.80,22.90,22.60,22.80,23.10,23.80,23.00,23.15,10/22/2018 08:07
22.90,22.90,22.60,22.80,23.20,23.80,23.00,23.15,10/22/2018 08:07
22.80,22.90,22.60,22.80,23.10,23.80,23.00,23.15,10/22/2018 08:07
22.90,22.90,22.60,22.80,23.20,23.80,23.00,23.15,10/22/2018 08:07
22.80,22.90,22.60,22.80,23.10,23.80,23.00,23.15,10/22/2018 08:07
22.80,22.90,22.60,22.80,23.10,23.80,23.00,23.15,10/22/2018 08:07
22.90,22.90,22.60,22.80,23.20,23.80,23.00,23.15,10/22/2018 08:07
22.90,22.90,22.60,22.81,23.10,23.80,23.00,23.15,10/22/2018 08:07
0,0,0,0,0,0,0,0,10/22/2018 08:07
22.90,22.90,22.60,22.81,23.10,23.80,23.00,23.15,10/22/2018 08:07
22.80,22.90,22.60,22.81,23.00,23.80,23.00,23.15,10/22/2018 08:08
73.04,73.04,22.60,23.72,23.00,23.80,23.00,23.15,10/22/2018 08:08
0,0,0,0,0,0,0,0,10/22/2018 08:08
0,0,0,0,0,0,0,0,10/22/2018 08:08
73.04,73.04,22.60,24.60,23.00,23.80,23.00,23.14,10/22/2018 08:08
73.22,73.22,22.60,25.45,23.10,23.80,23.00,23.14,10/22/2018 08:08
73.22,73.22,22.60,26.28,23.10,23.80,23.00,23.14,10/22/2018 08:08
73.22,73.22,22.60,27.07,23.10,23.80,23.00,23.14,10/22/2018 08:08
73.22,73.22,22.60,27.84,23.10,23.80,23.00,23.14,10/22/2018 08:08
0,0,0,0,0,0,0,0,10/22/2018 08:08
73.04,73.22,22.60,28.58,23.00,23.80,23.00,23.14,10/22/2018 08:08
73.22,73.22,22.60,29.30,23.10,23.80,23.00,23.14,10/22/2018 08:08
73.22,73.22,22.60,30.00,23.10,23.80,23.00,23.14,10/22/2018 08:08
73.22,73.22,22.60,30.68,23.10,23.80,23.00,23.14,10/22/2018 08:08
22.80,73.22,22.60,30.55,23.00,23.80,23.00,23.13,10/22/2018 08:08
22.90,73.22,22.60,30.44,23.10,23.80,23.00,23.13,10/22/2018 08:08
22.90,73.22,22.60,30.33,23.10,23.80,23.00,23.13,10/22/2018 08:08
22.90,73.22,22.60,30.22,23.10,23.80,23.00,23.13,10/22/2018 08:08
22.90,73.22,22.60,30.11,23.10,23.80,23.00,23.13,10/22/2018 08:08
22.90,73.22,22.60,30.01,23.10,23.80,23.00,23.13,10/22/2018 08:08
22.90,73.22,22.60,29.91,23.10,23.80,23.00,23.13,10/22/2018 08:08
22.90,73.22,22.60,29.81,23.10,23.80,23.00,23.13,10/22/2018 08:08
22.90,73.22,22.60,29.72,23.10,23.80,23.00,23.13,10/22/2018 08:08
22.90,73.22,22.60,29.62,23.10,23.80,23.00,23.13,10/22/2018 08:09
22.90,73.22,22.60,29.53,23.10,23.80,23.00,23.13,10/22/2018 08:09
22.90,73.22,22.60,29.45,23.00,23.80,23.00,23.13,10/22/2018 08:09
22.90,73.22,22.60,29.36,23.10,23.80,23.00,23.13,10/22/2018 08:09
22.90,73.22,22.60,29.28,23.00,23.80,23.00,23.13,10/22/2018 08:09
22.90,73.22,22.60,29.20,23.00,23.80,23.00,23.12,10/22/2018 08:09
22.90,73.22,22.60,29.12,23.00,23.80,23.00,23.12,10/22/2018 08:09
22.90,73.22,22.60,29.04,23.00,23.80,23.00,23.12,10/22/2018 08:09
22.90,73.22,22.60,28.97,23.00,23.80,23.00,23.12,10/22/2018 08:09
0,0,0,0,0,0,0,0,10/22/2018 08:09
22.90,73.22,22.60,28.89,23.10,23.80,23.00,23.12,10/22/2018 08:09
22.90,73.22,22.60,28.82,23.10,23.80,23.00,23.12,10/22/2018 08:09
0,0,0,0,0,0,0,0,10/22/2018 08:10
22.90,73.22,22.60,28.75,23.10,23.80,23.00,23.12,10/22/2018 08:10
22.90,73.22,22.60,28.69,23.10,23.80,23.00,23.12,10/22/2018 08:10
22.90,73.22,22.60,28.62,23.10,23.80,23.00,23.12,10/22/2018 08:10
22.90,73.22,22.60,28.55,23.10,23.80,23.00,23.12,10/22/2018 08:10
22.90,73.22,22.60,28.49,23.10,23.80,23.00,23.12,10/22/2018 08:10
22.90,73.22,22.60,28.43,23.10,23.80,23.00,23.12,10/22/2018 08:10
22.90,73.22,22.60,28.37,23.10,23.80,23.00,23.12,10/22/2018 08:10
22.90,73.22,22.60,28.31,23.10,23.80,23.00,23.12,10/22/2018 08:10
22.90,73.22,22.60,28.25,23.10,23.80,23.00,23.12,10/22/2018 08:10
0,0,0,0,0,0,0,0,10/22/2018 08:10
22.90,73.22,22.60,28.19,23.10,23.80,23.00,23.12,10/22/2018 08:10
0,0,0,0,0,0,0,0,10/22/2018 08:11
23.00,73.22,22.60,28.14,23.20,23.80,23.00,23.12,10/22/2018 08:11
23.00,73.22,22.60,28.08,23.10,23.80,23.00,23.12,10/22/2018 08:11
23.00,73.22,22.60,28.03,23.10,23.80,23.00,23.12,10/22/2018 08:11
23.00,73.22,22.60,27.98,23.10,23.80,23.00,23.12,10/22/2018 08:11
23.00,73.22,22.60,27.93,23.10,23.80,23.00,23.12,10/22/2018 08:11
23.00,73.22,22.60,27.88,23.10,23.80,23.00,23.12,10/22/2018 08:11
23.00,73.22,22.60,27.83,23.10,23.80,23.00,23.12,10/22/2018 08:11
23.00,73.22,22.60,27.79,23.10,23.80,23.00,23.12,10/22/2018 08:11
23.00,73.22,22.60,27.74,23.00,23.80,23.00,23.12,10/22/2018 08:11
23.00,73.22,22.60,27.69,23.00,23.80,23.00,23.11,10/22/2018 08:11
11.50,73.22,11.50,27.54,3288.30,3288.30,23.00,54.21,10/22/2018 08:11
23.00,73.22,11.50,27.50,23.00,3288.30,23.00,53.92,10/22/2018 08:12
23.00,73.22,11.50,27.45,23.00,3288.30,23.00,53.63,10/22/2018 08:12
23.00,73.22,11.50,27.41,22.90,3288.30,22.90,53.34,10/22/2018 08:12
23.00,73.22,11.50,27.37,22.90,3288.30,22.90,53.06,10/22/2018 08:12
23.00,73.22,11.50,27.33,22.90,3288.30,22.90,52.79,10/22/2018 08:12
23.00,73.22,11.50,27.29,22.90,3288.30,22.90,52.52,10/22/2018 08:12
23.00,73.22,11.50,27.26,23.00,3288.30,22.90,52.26,10/22/2018 08:12
23.00,73.22,11.50,27.22,23.00,3288.30,22.90,52.00,10/22/2018 08:12
23.00,73.22,11.50,27.18,23.00,3288.30,22.90,51.74,10/22/2018 08:12
23.00,73.22,11.50,27.14,23.00,3288.30,22.90,51.49,10/22/2018 08:12
23.00,73.22,11.50,27.11,23.00,3288.30,22.90,51.25,10/22/2018 08:12
23.00,73.22,11.50,27.07,23.00,3288.30,22.90,51.01,10/22/2018 08:12
23.00,73.22,11.50,27.04,23.00,3288.30,22.90,50.77,10/22/2018 08:13
23.00,73.22,11.50,27.01,23.00,3288.30,22.90,50.54,10/22/2018 08:13
23.00,73.22,11.50,26.97,23.00,3288.30,22.90,50.31,10/22/2018 08:13
23.00,73.22,11.50,26.94,23.00,3288.30,22.90,50.08,10/22/2018 08:13
23.00,73.22,11.50,26.91,23.10,3288.30,22.90,49.86,10/22/2018 08:13
23.00,73.22,11.50,26.88,23.10,3288.30,22.90,49.64,10/22/2018 08:13
23.10,73.22,11.50,26.84,23.10,3288.30,22.90,49.43,10/22/2018 08:13
23.00,73.22,11.50,26.81,23.10,3288.30,22.90,49.22,10/22/2018 08:13
23.10,73.22,11.50,26.78,23.20,3288.30,22.90,49.01,10/22/2018 08:13
23.10,73.22,11.50,26.76,23.20,3288.30,22.90,48.81,10/22/2018 08:13
23.10,73.22,11.50,26.73,23.20,3288.30,22.90,48.61,10/22/2018 08:13
23.10,73.22,11.50,26.70,23.20,3288.30,22.90,48.41,10/22/2018 08:14
23.10,73.22,11.50,26.67,23.20,3288.30,22.90,48.22,10/22/2018 08:14
23.10,73.22,11.50,26.64,23.20,3288.30,22.90,48.03,10/22/2018 08:14
23.10,73.22,11.50,26.62,23.20,3288.30,22.90,47.84,10/22/2018 08:14
23.10,73.22,11.50,26.59,23.20,3288.30,22.90,47.65,10/22/2018 08:14
0,0,0,0,0,0,0,0,10/22/2018 08:14
0,0,0,0,0,0,0,0,10/22/2018 08:14
0,0,0,0,0,0,0,0,10/22/2018 08:14
0,0,0,0,0,0,0,0,10/22/2018 08:15
0,0,0,0,0,0,0,0,10/22/2018 08:15
0,0,0,0,0,0,0,0,10/22/2018 08:15
0,0,0,0,0,0,0,0,10/22/2018 08:15
0,0,0,0,0,0,0,0,10/22/2018 08:15
0,0,0,0,0,0,0,0,10/22/2018 08:15
0,0,0,0,0,0,0,0,10/22/2018 08:16
23.10,73.22,11.50,26.56,23.00,3288.30,22.90,47.47,10/22/2018 08:16
0,0,0,0,0,0,0,0,10/22/2018 08:16
0,0,0,0,0,0,0,0,10/22/2018 08:16
0,0,0,0,0,0,0,0,10/22/2018 08:16
0,0,0,0,0,0,0,0,10/22/2018 08:16
